{
    "description": "Export Datasets",
    "component": "com.sap.system.python3Operator.v2",
    "versionStatus": "active",
    "outports": [
        {
            "name": "datasets",
            "type": "scalar",
            "vtype-ID": "com.sap.core.string"
        }
    ],
    "iconsrc": "factsheet.svg",
    "config": {
        "$type": "http://sap.com/vflow/metadata.export_datasets.configSchema.json",
        "errorHandling": {
            "type":"terminate on error"
        },
        "script": "file://script.py",
        "streaming": false,
        "tags": false,
        "lineage": false
    }
}