{
    "description": "External Catalog",
    "component": "com.sap.system.python3Operator.v2",
    "versionStatus": "active",
    "inports": [
        {
            "name": "input",
            "type": "scalar",
            "vtype-ID": "com.sap.core.string"
        }
    ],
    "outports": [
        {
            "name": "output",
            "type": "scalar",
            "vtype-ID": "com.sap.core.string"
        }
    ],
    "iconsrc": "external_catalog.svg",
    "config": {
        "$type": "http://sap.com/vflow/metadata.external_catalog.configSchema.json",
        "errorHandling": {
            "type": "terminate on error"
        },
        "script": "file://script.py"
    }
}