{
    "description": "Get Graph Datasources",
    "component": "com.sap.system.python3Operator.v2",
    "versionStatus": "active",
    "inports": [
        {
            "name": "input",
            "type": "table",
            "vtype-ID": "audit.runtime_graphs"
        }
    ],
    "outports": [
        {
            "name": "output",
            "type": "table",
            "vtype-ID": "audit.graphs_datasources"
        }
    ],
    "iconsrc": "pipeline_api_graph_datasources.svg",
    "config": {
        "$type": "http://sap.com/vflow/audit.graph_datasources.configSchema.json",
        "errorHandling": {
            "type": "terminate on error"
        },
        "script": "file://script.py"
    }
}