{
    "description": "SF Opportunity Details",
    "processes": {
        "wiretap1": {
            "component": "com.sap.util.wiretap.v2",
            "metadata": {
                "label": "Wiretap",
                "x": 350,
                "y": 12,
                "height": 80,
                "width": 120,
                "allowedStarPort": true,
                "generation": 2,
                "ui": "dynpath",
                "config": {},
                "inports": [
                    {
                        "name": "in",
                        "type": "table",
                        "isPropagated": true,
                        "vtype-ID": "salesforce.opportunity"
                    }
                ]
            }
        },
        "python3operator1": {
            "component": "com.sap.system.python3Operator.v2",
            "metadata": {
                "label": "Python3 Operator",
                "x": 12,
                "y": 12,
                "height": 80,
                "width": 120,
                "extensible": true,
                "filesRequired": [
                    "script.py"
                ],
                "generation": 2,
                "config": {
                    "script": "\ndef gen():\n\n    api.outputs.output.publish(\"0063G000003iD2DQAU\")\n\napi.set_prestart(gen)\n\n\n"
                },
                "additionaloutports": [
                    {
                        "name": "output",
                        "type": "scalar",
                        "vtype-ID": "com.sap.core.string"
                    }
                ]
            }
        },
        "opportunitydetails1": {
            "component": "salesforce.opportunity_details",
            "metadata": {
                "label": "Opportunity Details",
                "x": 173,
                "y": 17,
                "height": 80,
                "width": 120,
                "extensible": true,
                "filesRequired": [
                    "script.py"
                ],
                "generation": 2,
                "config": {
                    "httpconnection_basic": {
                        "connectionID": "PWC_SF"
                    },
                    "httpconnection_details": {
                        "connectionID": "PWC_SF_2"
                    }
                }
            }
        }
    },
    "groups": [],
    "connections": [
        {
            "metadata": {
                "points": "136,52 152,52 152,57 168,57"
            },
            "src": {
                "port": "output",
                "process": "python3operator1"
            },
            "tgt": {
                "port": "input",
                "process": "opportunitydetails1"
            }
        },
        {
            "metadata": {
                "points": "297,57 321,57 321,52 345,52"
            },
            "src": {
                "port": "output",
                "process": "opportunitydetails1"
            },
            "tgt": {
                "port": "in",
                "process": "wiretap1"
            }
        }
    ],
    "inports": {},
    "outports": {},
    "properties": {},
    "metadata": {
        "generation": 2
    }
}