{
    "$schema": "http://json-schema.org/draft-06/schema#",
    "$id": "http://sap.com/vflow/utils.read_S3.configSchema.json",
    "type": "object",
    "properties": {
        "codelanguage": {
            "type": "string"
        },
        "allowInterrupt": {
            "type": "boolean"
        },
        "script": {
            "type": "string"
        },
        "s3_connection": {
            "title": "S3 Connection",
            "description": "S3 Connection",
            "type": "object",
            "properties": {
                "connectionID": {
                    "title": "Connection ID",
                    "type": "string",
                    "format": "com.sap.dh.connection.id",
                    "sap_vflow_valuehelp": {
                        "url": "/app/datahub-app-connection/connections?connectionTypes=S3",
                        "valuepath": "id",
                        "displayStyle": "autocomplete"
                    }
                }
            }
        },
        "file": {
            "title": "File",
            "description": "File with path and separator '/'",
            "type": "string"
        }
    }
}