{
    "description": "Read S3",
    "component": "com.sap.system.python3Operator.v2",
    "versionStatus": "active",
    "outports": [
        {
            "name": "output",
            "type": "scalar",
            "vtype-ID": "com.sap.core.binary"
        }
    ],
    "iconsrc": "AWS_logo.png",
    "config": {
        "$type": "http://sap.com/vflow/utils.read_S3.configSchema.json",
        "allowInterrupt": false,
        "errorHandling": "{\"type\":\"terminate on error\"}",
        "script": "file://script.py"
    },
    "tags": {
        "boto3": ""
    }
}