{
    "$schema": "http://json-schema.org/draft-06/schema#",
    "$id": "http://sap.com/vflow/metadata.export_datasets.configSchema.json",
    "type": "object",
    "properties": {
        "codelanguage": {
            "type": "string"
        },
        "errorHandling": {
            "title": "Error Handling",
            "$ref": "http://sap.com/vflow/com.sap.error.scriptOperator.schema.json"
        },
        "script": {
            "type": "string"
        },
        "connection_id": {
            "title": "Connection ID",
            "description": "Connection ID",
            "type": "object",
            "properties": {
                "connectionID": {
                    "title": "ConnectionID",
                    "type": "string",
                    "format": "com.sap.dh.connection.id",
                    "sap_vflow_valuehelp": {
                        "url": "/app/datahub-app-connection/connections",
                        "valuepath": "id",
                        "displayStyle": "autocomplete"
                    }
                }
            }
        },
        "container": {
            "title": "Path",
            "description": "Path (Container)",
            "type": "string"
        },
        "streaming": {
            "title": "Streaming",
            "description": "Streaming of datasets",
            "type": "boolean"
        },
        "tags": {
            "title": "Tags",
            "description": "Tags of datasets",
            "type": "boolean"
        },
        "lineage": {
            "title": "Lineage",
            "description": "Lineage of datasets",
            "type": "boolean"
        },
        "http_connection": {
            "title": "HTTP Connection",
            "description": "HTTP Connection",
            "type": "object",
            "properties": {
                "connectionID": {
                    "title": "ConnectionID",
                    "type": "string",
                    "format": "com.sap.dh.connection.id",
                    "sap_vflow_valuehelp": {
                        "url": "/app/datahub-app-connection/connections?connectionTypes=HTTP",
                        "valuepath": "id",
                        "displayStyle": "autocomplete"
                    }
                }
            }
        }
    }
}