{
    "$schema": "http://json-schema.org/draft-06/schema#",
    "$id": "http://sap.com/vflow/di_replication.checkdata.v2.configSchema.json",
    "type": "object",
    "properties": {
        "codelanguage": {
            "type": "string"
        },
        "script": {
            "type": "string"
        },
        "codecs": {
            "title": "Codecs",
            "description": "Codecs",
            "type": "array",
            "items": {
                "type": "string"
            }
        },
        "de_escape": {
            "description": "De-escape",
            "type": "boolean"
        }
    }
}