{
    "properties": {},
    "description": "Audit Runtime Graphs",
    "processes": {
        "structuredfileconsumer1": {
            "component": "com.sap.storage.consumer.v3",
            "metadata": {
                "label": "Structured File Consumer",
                "x": 17,
                "y": 12,
                "height": 80,
                "width": 120,
                "extensible": false,
                "generation": 2,
                "config": {
                    "service": "S3",
                    "serviceConnection": {
                        "configurationType": "Configuration Manager",
                        "connectionID": "S3_Catalog"
                    },
                    "source": {
                        "remoteObjectReference": {
                            "connection": {
                                "id": "S3_Catalog",
                                "type": "S3"
                            },
                            "name": "userlist.csv",
                            "remoteObjectType": "FILE.CSV",
                            "qualifiedName": "/tutorial/userlist.csv",
                            "nativeQualifiedName": "/tutorial/userlist.csv",
                            "owner": "flowagent",
                            "size": 509,
                            "version": {
                                "dataLastModified": 1663330911000,
                                "metadataLastModified": 1663330911000,
                                "metadataVersionNumber": 1663330911000
                            }
                        },
                        "dataAccessConfiguration": {
                            "rowDelimiter": "\n",
                            "charset": "ISO-8859-1",
                            "textDelimiter": "\"",
                            "header": true,
                            "escapeCharacter": "\"",
                            "colDelimiter": ","
                        },
                        "schema": {
                            "genericType": "TABLE",
                            "tableBasedRepresentation": {
                                "attributes": []
                            }
                        },
                        "capabilityProperties": [
                            {
                                "name": "isProfileable",
                                "value": "true"
                            }
                        ]
                    },
                    "failOnStringTruncation": true
                },
                "outports": [
                    {
                        "name": "outTable",
                        "type": "table",
                        "vtype-ID": "$GRAPH.generated.structuredfileconsumer1_outTable"
                    }
                ]
            }
        },
        "auditruntimegraphs1": {
            "component": "audit.runtime_graphs",
            "metadata": {
                "label": "Audit Runtime Graphs",
                "x": 186,
                "y": 12,
                "height": 80,
                "width": 120,
                "extensible": true,
                "filesRequired": [
                    "script.py"
                ],
                "generation": 2,
                "config": {
                    "connection_id": {
                        "connectionID": "PipelineAPI"
                    }
                },
                "inports": [
                    {
                        "name": "input",
                        "type": "table",
                        "isPropagated": true,
                        "vtype-ID": "$GRAPH.generated.structuredfileconsumer1_outTable"
                    }
                ]
            }
        },
        "wiretap1": {
            "component": "com.sap.util.wiretap.v2",
            "metadata": {
                "label": "Wiretap",
                "x": 524,
                "y": 12,
                "height": 80,
                "width": 120,
                "generation": 2,
                "ui": "dynpath",
                "config": {},
                "inports": [
                    {
                        "name": "in",
                        "type": "table",
                        "isPropagated": true,
                        "vtype-ID": "audit.graphs_datasources"
                    }
                ]
            }
        },
        "getgraphdatasources1": {
            "component": "audit.graph_datasources",
            "metadata": {
                "label": "Get Graph Datasources",
                "x": 355,
                "y": 12,
                "height": 80,
                "width": 120,
                "extensible": true,
                "filesRequired": [
                    "script.py"
                ],
                "generation": 2,
                "config": {}
            }
        },
        "timer1": {
            "component": "utils.timer",
            "metadata": {
                "label": "Timer",
                "x": -135,
                "y": 12,
                "height": 80,
                "width": 120,
                "extensible": true,
                "filesRequired": [
                    "script.py"
                ],
                "generation": 2,
                "config": {}
            }
        }
    },
    "groups": [],
    "connections": [
        {
            "metadata": {
                "points": "141,52 181,52"
            },
            "src": {
                "port": "outTable",
                "process": "structuredfileconsumer1"
            },
            "tgt": {
                "port": "input",
                "process": "auditruntimegraphs1"
            }
        },
        {
            "metadata": {
                "points": "310,52 350,52"
            },
            "src": {
                "port": "output",
                "process": "auditruntimegraphs1"
            },
            "tgt": {
                "port": "input",
                "process": "getgraphdatasources1"
            }
        },
        {
            "metadata": {
                "points": "479,52 519,52"
            },
            "src": {
                "port": "output",
                "process": "getgraphdatasources1"
            },
            "tgt": {
                "port": "in",
                "process": "wiretap1"
            }
        },
        {
            "metadata": {
                "points": "-11,52 12,52"
            },
            "src": {
                "port": "output",
                "process": "timer1"
            },
            "tgt": {
                "port": "inTrigger",
                "process": "structuredfileconsumer1"
            }
        }
    ],
    "inports": {},
    "outports": {},
    "metadata": {
        "generation": 2
    }
}