{
    "description": "Audit Runtime Graphs",
    "component": "com.sap.system.python3Operator.v2",
    "versionStatus": "active",
    "inports": [
        {
            "name": "input",
            "type": "table",
            "vtype-ID": "*"
        }
    ],
    "outports": [
        {
            "name": "output",
            "type": "table",
            "vtype-ID": "audit.runtime_graphs"
        }
    ],
    "icon": "puzzle-piece",
    "iconsrc": "pipeline_api_graph.svg",
    "config": {
        "$type": "http://sap.com/vflow/audit.runtime_graphs.configSchema.json",
        "errorHandling": {
            "type": "terminate on error"
        },
        "script": "file://script.py"
    }
}