{
    "id": "app.datahub-app-data.dependencies",
    "description": "Enables to start applications Metadata Explorer depends on",
    "tenant": "default",
    "enabled": true,
    "exposed": false,
    "createdBy": "system",
    "changedBy": "system",
    "createdAt": "2021-08-28T23:18:45.363Z",
    "changedAt": "2022-04-16T22:25:37.974Z",
    "predelivered": false,
    "ownerApplication": "datahub-app-data",
    "resources": [
        {
            "resourceType": "application",
            "contentData": {
                "activity": "start",
                "name": "pipeline-modeler"
            }
        },
        {
            "resourceType": "application",
            "contentData": {
                "activity": "start",
                "name": "datahub-app-dex"
            }
        },
        {
            "resourceType": "application",
            "contentData": {
                "activity": "start",
                "name": "datahub-app-connection"
            }
        },
        {
            "resourceType": "application",
            "contentData": {
                "activity": "start",
                "name": "datahub-app-preparation"
            }
        },
        {
            "resourceType": "application",
            "contentData": {
                "activity": "start",
                "name": "datahub-app-metadata"
            }
        },
        {
            "resourceType": "application",
            "contentData": {
                "activity": "start",
                "name": "data-hub-flow-agent"
            }
        }
    ],
    "policyReferences": [],
    "inheritedResources": [],
    "num_id": 6
}