{
    "id": "app.datahub-app-core.connectionCredentialsUnmasked",
    "description": "Selected connection credentials (user names, etc) are fully displayed",
    "tenant": "default",
    "enabled": true,
    "exposed": true,
    "createdBy": "",
    "changedBy": "system",
    "createdAt": "2021-03-10T09:17:26.089Z",
    "changedAt": "2022-03-19T22:40:48.531Z",
    "predelivered": false,
    "ownerApplication": "datahub-app-core",
    "resources": [
        {
            "resourceType": "app.datahub-app-core.connectionCredentials",
            "contentData": {
                "activity": "showUnmasked"
            }
        }
    ],
    "policyReferences": [],
    "inheritedResources": [],
    "num_id": 2
}