{
    "id": "app.datahub-app-data.publisher",
    "description": "Metadata Explorer Publisher",
    "tenant": "default",
    "enabled": true,
    "exposed": true,
    "createdBy": "system",
    "changedBy": "system",
    "createdAt": "2021-05-22T22:27:18.658Z",
    "changedAt": "2022-04-16T22:25:38.057Z",
    "predelivered": false,
    "ownerApplication": "datahub-app-data",
    "resources": [
        {
            "resourceType": "app.datahub-app-data.publication",
            "contentData": {
                "activity": "execute"
            }
        },
        {
            "resourceType": "app.datahub-app-data.publication",
            "contentData": {
                "activity": "read"
            }
        },
        {
            "resourceType": "app.datahub-app-data.publication",
            "contentData": {
                "activity": "manage"
            }
        }
    ],
    "policyReferences": [
        {
            "id": "app.datahub-app-data.businessUser"
        },
        {
            "id": "app.datahub-app-data.dependencies"
        }
    ],
    "inheritedResources": [
        {
            "policyId": "app.datahub-app-data.businessUser",
            "resources": [
                {
                    "resourceType": "app.datahub-app-data.catalog",
                    "contentData": {
                        "activity": "annotate"
                    }
                },
                {
                    "resourceType": "app.datahub-app-data.qualityDashboard",
                    "contentData": {
                        "activity": "read"
                    }
                }
            ]
        },
        {
            "policyId": "app.datahub-app-data.dependencies",
            "resources": [
                {
                    "resourceType": "application",
                    "contentData": {
                        "activity": "start",
                        "name": "data-hub-flow-agent"
                    }
                },
                {
                    "resourceType": "application",
                    "contentData": {
                        "activity": "start",
                        "name": "datahub-app-dex"
                    }
                },
                {
                    "resourceType": "application",
                    "contentData": {
                        "activity": "start",
                        "name": "datahub-app-connection"
                    }
                },
                {
                    "resourceType": "application",
                    "contentData": {
                        "activity": "start",
                        "name": "datahub-app-preparation"
                    }
                },
                {
                    "resourceType": "application",
                    "contentData": {
                        "activity": "start",
                        "name": "datahub-app-metadata"
                    }
                },
                {
                    "resourceType": "application",
                    "contentData": {
                        "activity": "start",
                        "name": "pipeline-modeler"
                    }
                }
            ]
        },
        {
            "policyId": "app.datahub-app-data.metadataUser",
            "resources": [
                {
                    "resourceType": "app.datahub-app-data.catalog",
                    "contentData": {
                        "activity": "read"
                    }
                },
                {
                    "resourceType": "app.datahub-app-data.glossary",
                    "contentData": {
                        "activity": "read"
                    }
                },
                {
                    "resourceType": "app.datahub-app-data.profile",
                    "contentData": {
                        "activity": "read"
                    }
                },
                {
                    "resourceType": "app.datahub-app-data.tagHierarchy",
                    "contentData": {
                        "activity": "read"
                    }
                }
            ]
        }
    ],
    "num_id": 10
}