{
    "id": "app.datahub-app-data.fullAccess",
    "description": "Full access to Metadata Explorer",
    "tenant": "default",
    "enabled": true,
    "exposed": true,
    "createdBy": "system",
    "changedBy": "system",
    "createdAt": "2021-08-28T23:18:45.461Z",
    "changedAt": "2022-04-16T22:25:38.092Z",
    "predelivered": false,
    "ownerApplication": "datahub-app-data",
    "resources": [],
    "policyReferences": [
        {
            "id": "app.datahub-app-data.administrator"
        },
        {
            "id": "app.datahub-app-data.businessUser"
        },
        {
            "id": "app.datahub-app-data.dataSteward"
        },
        {
            "id": "app.datahub-app-data.dependencies"
        },
        {
            "id": "app.datahub-app-data.metadataUser"
        },
        {
            "id": "app.datahub-app-data.preparationUser"
        },
        {
            "id": "app.datahub-app-data.publisher"
        }
    ],
    "inheritedResources": [
        {
            "policyId": "app.datahub-app-data.administrator",
            "resources": [
                {
                    "resourceType": "app.datahub-app-data.profile",
                    "contentData": {
                        "activity": "execute"
                    }
                },
                {
                    "resourceType": "app.datahub-app-data.qualityRulebook",
                    "contentData": {
                        "activity": "execute"
                    }
                },
                {
                    "resourceType": "app.datahub-app-data.system",
                    "contentData": {
                        "activity": "admin"
                    }
                }
            ]
        },
        {
            "policyId": "app.datahub-app-data.businessUser",
            "resources": [
                {
                    "resourceType": "app.datahub-app-data.catalog",
                    "contentData": {
                        "activity": "annotate"
                    }
                },
                {
                    "resourceType": "app.datahub-app-data.qualityDashboard",
                    "contentData": {
                        "activity": "read"
                    }
                }
            ]
        },
        {
            "policyId": "app.datahub-app-data.dataSteward",
            "resources": [
                {
                    "resourceType": "app.datahub-app-data.catalog",
                    "contentData": {
                        "activity": "manage"
                    }
                },
                {
                    "resourceType": "app.datahub-app-data.glossary",
                    "contentData": {
                        "activity": "read"
                    }
                },
                {
                    "resourceType": "app.datahub-app-data.glossary",
                    "contentData": {
                        "activity": "manage"
                    }
                },
                {
                    "resourceType": "app.datahub-app-data.glossary",
                    "contentData": {
                        "activity": "admin"
                    }
                },
                {
                    "resourceType": "app.datahub-app-data.profile",
                    "contentData": {
                        "activity": "manage"
                    }
                },
                {
                    "resourceType": "app.datahub-app-data.profile",
                    "contentData": {
                        "activity": "execute"
                    }
                },
                {
                    "resourceType": "app.datahub-app-data.qualityDashboard",
                    "contentData": {
                        "activity": "manage"
                    }
                },
                {
                    "resourceType": "app.datahub-app-data.qualityRule",
                    "contentData": {
                        "activity": "read"
                    }
                },
                {
                    "resourceType": "app.datahub-app-data.qualityRule",
                    "contentData": {
                        "activity": "manage"
                    }
                },
                {
                    "resourceType": "app.datahub-app-data.qualityRulebook",
                    "contentData": {
                        "activity": "read"
                    }
                },
                {
                    "resourceType": "app.datahub-app-data.qualityRulebook",
                    "contentData": {
                        "activity": "manage"
                    }
                },
                {
                    "resourceType": "app.datahub-app-data.qualityRulebook",
                    "contentData": {
                        "activity": "execute"
                    }
                },
                {
                    "resourceType": "app.datahub-app-data.tagHierarchy",
                    "contentData": {
                        "activity": "manage"
                    }
                },
                {
                    "resourceType": "app.datahub-app-data.tagHierarchy",
                    "contentData": {
                        "activity": "admin"
                    }
                }
            ]
        },
        {
            "policyId": "app.datahub-app-data.dependencies",
            "resources": [
                {
                    "resourceType": "application",
                    "contentData": {
                        "activity": "start",
                        "name": "data-hub-flow-agent"
                    }
                },
                {
                    "resourceType": "application",
                    "contentData": {
                        "activity": "start",
                        "name": "datahub-app-dex"
                    }
                },
                {
                    "resourceType": "application",
                    "contentData": {
                        "activity": "start",
                        "name": "datahub-app-connection"
                    }
                },
                {
                    "resourceType": "application",
                    "contentData": {
                        "activity": "start",
                        "name": "datahub-app-preparation"
                    }
                },
                {
                    "resourceType": "application",
                    "contentData": {
                        "activity": "start",
                        "name": "datahub-app-metadata"
                    }
                },
                {
                    "resourceType": "application",
                    "contentData": {
                        "activity": "start",
                        "name": "pipeline-modeler"
                    }
                }
            ]
        },
        {
            "policyId": "app.datahub-app-data.metadataUser",
            "resources": [
                {
                    "resourceType": "app.datahub-app-data.catalog",
                    "contentData": {
                        "activity": "read"
                    }
                },
                {
                    "resourceType": "app.datahub-app-data.glossary",
                    "contentData": {
                        "activity": "read"
                    }
                },
                {
                    "resourceType": "app.datahub-app-data.profile",
                    "contentData": {
                        "activity": "read"
                    }
                },
                {
                    "resourceType": "app.datahub-app-data.tagHierarchy",
                    "contentData": {
                        "activity": "read"
                    }
                }
            ]
        },
        {
            "policyId": "app.datahub-app-data.preparationUser",
            "resources": [
                {
                    "resourceType": "app.datahub-app-data.preparation",
                    "contentData": {
                        "activity": "read"
                    }
                },
                {
                    "resourceType": "app.datahub-app-data.preparation",
                    "contentData": {
                        "activity": "manage"
                    }
                },
                {
                    "resourceType": "app.datahub-app-data.preparation",
                    "contentData": {
                        "activity": "execute"
                    }
                }
            ]
        },
        {
            "policyId": "app.datahub-app-data.publisher",
            "resources": [
                {
                    "resourceType": "app.datahub-app-data.publication",
                    "contentData": {
                        "activity": "read"
                    }
                },
                {
                    "resourceType": "app.datahub-app-data.publication",
                    "contentData": {
                        "activity": "manage"
                    }
                },
                {
                    "resourceType": "app.datahub-app-data.publication",
                    "contentData": {
                        "activity": "execute"
                    }
                }
            ]
        }
    ],
    "num_id": 7
}