{
    "id": "connectionConfigurationAllWrite",
    "description": "Write access to all connection configurations in the tenant",
    "tenant": "default",
    "enabled": true,
    "exposed": true,
    "createdBy": "system",
    "changedBy": "system",
    "createdAt": "2021-08-28T23:32:52.294Z",
    "changedAt": "2021-08-28T23:32:52.294Z",
    "predelivered": false,
    "ownerApplication": "",
    "resources": [
        {
            "resourceType": "connectionConfiguration",
            "contentData": {
                "activity": "write",
                "technicalName": "*"
            }
        }
    ],
    "policyReferences": [],
    "inheritedResources": [],
    "num_id": 11
}