{
    "id": "direpl",
    "description": "Datasource access for direpl",
    "tenant": "default",
    "enabled": true,
    "exposed": true,
    "createdBy": "demo",
    "changedBy": "demo",
    "createdAt": "2021-03-11T08:07:17.425Z",
    "changedAt": "2021-03-11T08:07:17.425Z",
    "predelivered": false,
    "ownerApplication": "",
    "resources": [
        {
            "resourceType": "connection",
            "contentData": {
                "activity": "write",
                "connectionId": "HANAC_Replication"
            }
        },
        {
            "resourceType": "connection",
            "contentData": {
                "activity": "read",
                "connectionId": "HANAC_Replication"
            }
        }
    ],
    "policyReferences": [],
    "inheritedResources": [],
    "num_id": 12
}