{
    "id": "mycompany.manage.glossary",
    "description": "Manage glossaries",
    "tenant": "default",
    "enabled": true,
    "exposed": false,
    "createdBy": "demo",
    "changedBy": "demo",
    "createdAt": "2021-09-27T06:41:00.17Z",
    "changedAt": "2021-09-27T14:59:36.607Z",
    "predelivered": false,
    "ownerApplication": "",
    "resources": [
        {
            "resourceType": "app.datahub-app-data.glossary",
            "contentData": {
                "activity": "admin"
            }
        },
        {
            "resourceType": "app.datahub-app-data.glossary",
            "contentData": {
                "activity": "manage"
            }
        }
    ],
    "policyReferences": [],
    "inheritedResources": [],
    "num_id": 10
}