{
    "id": "mycompany.manage.rulebook",
    "description": "Rulebook manager",
    "tenant": "default",
    "enabled": true,
    "exposed": false,
    "createdBy": "demo",
    "changedBy": "demo",
    "createdAt": "2021-09-27T06:41:02.026Z",
    "changedAt": "2021-09-27T06:41:02.026Z",
    "predelivered": false,
    "ownerApplication": "",
    "resources": [
        {
            "resourceType": "app.datahub-app-data.qualityRule",
            "contentData": {
                "activity": "manage"
            }
        },
        {
            "resourceType": "app.datahub-app-data.qualityRulebook",
            "contentData": {
                "activity": "manage"
            }
        },
        {
            "resourceType": "app.datahub-app-data.qualityRulebook",
            "contentData": {
                "activity": "execute"
            }
        }
    ],
    "policyReferences": [
        {
            "id": "mycompany.basic.metadata"
        }
    ],
    "inheritedResources": [
        {
            "policyId": "mycompany.basic.metadata",
            "resources": [
                {
                    "resourceType": "app.datahub-app-data.catalog",
                    "contentData": {
                        "activity": "read"
                    }
                },
                {
                    "resourceType": "app.datahub-app-data.glossary",
                    "contentData": {
                        "activity": "read"
                    }
                },
                {
                    "resourceType": "app.datahub-app-data.preparation",
                    "contentData": {
                        "activity": "read"
                    }
                },
                {
                    "resourceType": "app.datahub-app-data.profile",
                    "contentData": {
                        "activity": "read"
                    }
                },
                {
                    "resourceType": "app.datahub-app-data.qualityDashboard",
                    "contentData": {
                        "activity": "read"
                    }
                },
                {
                    "resourceType": "app.datahub-app-data.qualityRule",
                    "contentData": {
                        "activity": "read"
                    }
                },
                {
                    "resourceType": "app.datahub-app-data.qualityRulebook",
                    "contentData": {
                        "activity": "read"
                    }
                },
                {
                    "resourceType": "app.datahub-app-data.tagHierarchy",
                    "contentData": {
                        "activity": "read"
                    }
                },
                {
                    "resourceType": "application",
                    "contentData": {
                        "activity": "start",
                        "name": "datahub-app-metadata"
                    }
                }
            ]
        }
    ],
    "num_id": 11
}