{
    "id": "mycompany.basic.metadata",
    "description": "Metadata Explorer User",
    "tenant": "default",
    "enabled": true,
    "exposed": false,
    "createdBy": "demo",
    "changedBy": "demo",
    "createdAt": "2021-09-27T06:40:59.238Z",
    "changedAt": "2021-10-12T15:43:20.078Z",
    "predelivered": false,
    "ownerApplication": "",
    "resources": [
        {
            "resourceType": "app.datahub-app-data.catalog",
            "contentData": {
                "activity": "read"
            }
        },
        {
            "resourceType": "app.datahub-app-data.glossary",
            "contentData": {
                "activity": "read"
            }
        },
        {
            "resourceType": "app.datahub-app-data.preparation",
            "contentData": {
                "activity": "read"
            }
        },
        {
            "resourceType": "app.datahub-app-data.profile",
            "contentData": {
                "activity": "read"
            }
        },
        {
            "resourceType": "app.datahub-app-data.publication",
            "contentData": {
                "activity": "read"
            }
        },
        {
            "resourceType": "app.datahub-app-data.qualityDashboard",
            "contentData": {
                "activity": "read"
            }
        },
        {
            "resourceType": "app.datahub-app-data.qualityRule",
            "contentData": {
                "activity": "read"
            }
        },
        {
            "resourceType": "app.datahub-app-data.qualityRulebook",
            "contentData": {
                "activity": "read"
            }
        },
        {
            "resourceType": "app.datahub-app-data.tagHierarchy",
            "contentData": {
                "activity": "read"
            }
        },
        {
            "resourceType": "application",
            "contentData": {
                "activity": "start",
                "name": "datahub-app-metadata"
            }
        }
    ],
    "policyReferences": [],
    "inheritedResources": [],
    "num_id": 15
}