{
    "id": "mycompany.data.all",
    "description": "Read, write and manage all connections.",
    "tenant": "default",
    "enabled": true,
    "exposed": true,
    "createdBy": "demo",
    "changedBy": "demo",
    "createdAt": "2021-09-27T06:40:59.715Z",
    "changedAt": "2021-10-11T08:41:16.003Z",
    "predelivered": false,
    "ownerApplication": "",
    "resources": [
        {
            "resourceType": "connection",
            "contentData": {
                "activity": "read",
                "connectionId": "*"
            }
        },
        {
            "resourceType": "connection",
            "contentData": {
                "activity": "write",
                "connectionId": "*"
            }
        },
        {
            "resourceType": "connectionConfiguration",
            "contentData": {
                "activity": "write",
                "technicalName": "*"
            }
        },
        {
            "resourceType": "connectionConfiguration",
            "contentData": {
                "activity": "read",
                "technicalName": "*"
            }
        },
        {
            "resourceType": "connectionContent",
            "contentData": {
                "activity": "manage",
                "connectionId": "*"
            }
        }
    ],
    "policyReferences": [],
    "inheritedResources": [],
    "num_id": 18
}