{
    "id": "mycompany.role.developer",
    "description": "Developer tools",
    "tenant": "default",
    "enabled": true,
    "exposed": true,
    "createdBy": "demo",
    "changedBy": "demo",
    "createdAt": "2021-09-29T12:57:21.219Z",
    "changedAt": "2021-09-30T03:56:49.391Z",
    "predelivered": false,
    "ownerApplication": "",
    "resources": [],
    "policyReferences": [
        {
            "id": "mycompany.basic.developer"
        },
        {
            "id": "mycompany.basic.member"
        },
        {
            "id": "mycompany.basic.metadata"
        }
    ],
    "inheritedResources": [
        {
            "policyId": "mycompany.basic.developer",
            "resources": [
                {
                    "resourceType": "application",
                    "contentData": {
                        "activity": "start",
                        "name": "datahub-app-connection"
                    }
                },
                {
                    "resourceType": "application",
                    "contentData": {
                        "activity": "start",
                        "name": "modeler-ui"
                    }
                },
                {
                    "resourceType": "application",
                    "contentData": {
                        "activity": "start",
                        "name": "pipeline-modeler"
                    }
                }
            ]
        },
        {
            "policyId": "mycompany.basic.member",
            "resources": [
                {
                    "resourceType": "application",
                    "contentData": {
                        "activity": "start",
                        "name": "datahub-app-scheduler"
                    }
                },
                {
                    "resourceType": "application",
                    "contentData": {
                        "activity": "start",
                        "name": "datahub-app-database"
                    }
                },
                {
                    "resourceType": "application",
                    "contentData": {
                        "activity": "start",
                        "name": "shared"
                    }
                },
                {
                    "resourceType": "application",
                    "contentData": {
                        "activity": "start",
                        "name": "datahub-app-task"
                    }
                },
                {
                    "resourceType": "application",
                    "contentData": {
                        "activity": "start",
                        "name": "data-hub-flow-agent"
                    }
                },
                {
                    "resourceType": "application",
                    "contentData": {
                        "activity": "start",
                        "name": "datahub-app-daemon"
                    }
                },
                {
                    "resourceType": "application",
                    "contentData": {
                        "activity": "start",
                        "name": "datahub-app-core"
                    }
                },
                {
                    "resourceType": "application",
                    "contentData": {
                        "activity": "start",
                        "name": "axino-service"
                    }
                },
                {
                    "resourceType": "application",
                    "contentData": {
                        "activity": "start",
                        "name": "resourceplan-service"
                    }
                },
                {
                    "resourceType": "application",
                    "contentData": {
                        "activity": "start",
                        "name": "datahub-app-launchpad"
                    }
                },
                {
                    "resourceType": "application",
                    "contentData": {
                        "activity": "start",
                        "name": "datahub-app-data"
                    }
                }
            ]
        },
        {
            "policyId": "mycompany.basic.metadata",
            "resources": [
                {
                    "resourceType": "app.datahub-app-data.catalog",
                    "contentData": {
                        "activity": "read"
                    }
                },
                {
                    "resourceType": "app.datahub-app-data.glossary",
                    "contentData": {
                        "activity": "read"
                    }
                },
                {
                    "resourceType": "app.datahub-app-data.preparation",
                    "contentData": {
                        "activity": "read"
                    }
                },
                {
                    "resourceType": "app.datahub-app-data.profile",
                    "contentData": {
                        "activity": "read"
                    }
                },
                {
                    "resourceType": "app.datahub-app-data.publication",
                    "contentData": {
                        "activity": "read"
                    }
                },
                {
                    "resourceType": "app.datahub-app-data.qualityDashboard",
                    "contentData": {
                        "activity": "read"
                    }
                },
                {
                    "resourceType": "app.datahub-app-data.qualityRule",
                    "contentData": {
                        "activity": "read"
                    }
                },
                {
                    "resourceType": "app.datahub-app-data.qualityRulebook",
                    "contentData": {
                        "activity": "read"
                    }
                },
                {
                    "resourceType": "app.datahub-app-data.tagHierarchy",
                    "contentData": {
                        "activity": "read"
                    }
                },
                {
                    "resourceType": "application",
                    "contentData": {
                        "activity": "start",
                        "name": "datahub-app-metadata"
                    }
                }
            ]
        },
        {
            "policyId": "sap.dh.systemAccess",
            "resources": [
                {
                    "resourceType": "systemManagement",
                    "contentData": {
                        "activity": "read"
                    }
                }
            ]
        }
    ],
    "num_id": 30
}