{
    "id": "mycompany.role.dat163",
    "description": "User of workshop DAT163",
    "tenant": "default",
    "enabled": true,
    "exposed": true,
    "createdBy": "teched21",
    "changedBy": "teched21",
    "createdAt": "2021-11-06T08:53:01.199Z",
    "changedAt": "2021-11-06T08:53:01.199Z",
    "predelivered": false,
    "ownerApplication": "",
    "resources": [],
    "policyReferences": [
        {
            "id": "mycompany.role.qualitymanager"
        },
        {
            "id": "mycompany.role.catalog"
        }
    ],
    "inheritedResources": [
        {
            "policyId": "mycompany.basic.member",
            "resources": [
                {
                    "resourceType": "application",
                    "contentData": {
                        "activity": "start",
                        "name": "datahub-app-data"
                    }
                },
                {
                    "resourceType": "application",
                    "contentData": {
                        "activity": "start",
                        "name": "datahub-app-database"
                    }
                },
                {
                    "resourceType": "application",
                    "contentData": {
                        "activity": "start",
                        "name": "shared"
                    }
                },
                {
                    "resourceType": "application",
                    "contentData": {
                        "activity": "start",
                        "name": "datahub-app-task"
                    }
                },
                {
                    "resourceType": "application",
                    "contentData": {
                        "activity": "start",
                        "name": "data-hub-flow-agent"
                    }
                },
                {
                    "resourceType": "application",
                    "contentData": {
                        "activity": "start",
                        "name": "datahub-app-daemon"
                    }
                },
                {
                    "resourceType": "application",
                    "contentData": {
                        "activity": "start",
                        "name": "datahub-app-core"
                    }
                },
                {
                    "resourceType": "application",
                    "contentData": {
                        "activity": "start",
                        "name": "axino-service"
                    }
                },
                {
                    "resourceType": "application",
                    "contentData": {
                        "activity": "start",
                        "name": "resourceplan-service"
                    }
                },
                {
                    "resourceType": "application",
                    "contentData": {
                        "activity": "start",
                        "name": "datahub-app-scheduler"
                    }
                },
                {
                    "resourceType": "application",
                    "contentData": {
                        "activity": "start",
                        "name": "datahub-app-launchpad"
                    }
                }
            ]
        },
        {
            "policyId": "mycompany.basic.metadata",
            "resources": [
                {
                    "resourceType": "app.datahub-app-data.catalog",
                    "contentData": {
                        "activity": "read"
                    }
                },
                {
                    "resourceType": "app.datahub-app-data.glossary",
                    "contentData": {
                        "activity": "read"
                    }
                },
                {
                    "resourceType": "app.datahub-app-data.preparation",
                    "contentData": {
                        "activity": "read"
                    }
                },
                {
                    "resourceType": "app.datahub-app-data.profile",
                    "contentData": {
                        "activity": "read"
                    }
                },
                {
                    "resourceType": "app.datahub-app-data.publication",
                    "contentData": {
                        "activity": "read"
                    }
                },
                {
                    "resourceType": "app.datahub-app-data.qualityDashboard",
                    "contentData": {
                        "activity": "read"
                    }
                },
                {
                    "resourceType": "app.datahub-app-data.qualityRule",
                    "contentData": {
                        "activity": "read"
                    }
                },
                {
                    "resourceType": "app.datahub-app-data.qualityRulebook",
                    "contentData": {
                        "activity": "read"
                    }
                },
                {
                    "resourceType": "app.datahub-app-data.tagHierarchy",
                    "contentData": {
                        "activity": "read"
                    }
                },
                {
                    "resourceType": "application",
                    "contentData": {
                        "activity": "start",
                        "name": "datahub-app-metadata"
                    }
                }
            ]
        },
        {
            "policyId": "mycompany.basic.profiling",
            "resources": [
                {
                    "resourceType": "app.datahub-app-data.profile",
                    "contentData": {
                        "activity": "manage"
                    }
                },
                {
                    "resourceType": "app.datahub-app-data.profile",
                    "contentData": {
                        "activity": "execute"
                    }
                }
            ]
        },
        {
            "policyId": "mycompany.manage.catalog",
            "resources": [
                {
                    "resourceType": "app.datahub-app-data.catalog",
                    "contentData": {
                        "activity": "annotate"
                    }
                },
                {
                    "resourceType": "app.datahub-app-data.catalog",
                    "contentData": {
                        "activity": "manage"
                    }
                },
                {
                    "resourceType": "app.datahub-app-data.profile",
                    "contentData": {
                        "activity": "execute"
                    }
                },
                {
                    "resourceType": "app.datahub-app-data.profile",
                    "contentData": {
                        "activity": "manage"
                    }
                },
                {
                    "resourceType": "app.datahub-app-data.publication",
                    "contentData": {
                        "activity": "execute"
                    }
                },
                {
                    "resourceType": "app.datahub-app-data.publication",
                    "contentData": {
                        "activity": "manage"
                    }
                },
                {
                    "resourceType": "app.datahub-app-data.tagHierarchy",
                    "contentData": {
                        "activity": "manage"
                    }
                },
                {
                    "resourceType": "app.datahub-app-data.tagHierarchy",
                    "contentData": {
                        "activity": "admin"
                    }
                }
            ]
        },
        {
            "policyId": "mycompany.manage.glossary",
            "resources": [
                {
                    "resourceType": "app.datahub-app-data.glossary",
                    "contentData": {
                        "activity": "manage"
                    }
                },
                {
                    "resourceType": "app.datahub-app-data.glossary",
                    "contentData": {
                        "activity": "admin"
                    }
                }
            ]
        },
        {
            "policyId": "mycompany.manage.preparation",
            "resources": [
                {
                    "resourceType": "app.datahub-app-data.preparation",
                    "contentData": {
                        "activity": "execute"
                    }
                },
                {
                    "resourceType": "app.datahub-app-data.preparation",
                    "contentData": {
                        "activity": "manage"
                    }
                },
                {
                    "resourceType": "application",
                    "contentData": {
                        "activity": "start",
                        "name": "pipeline-modeler"
                    }
                }
            ]
        },
        {
            "policyId": "mycompany.manage.rulebook",
            "resources": [
                {
                    "resourceType": "app.datahub-app-data.qualityRule",
                    "contentData": {
                        "activity": "manage"
                    }
                },
                {
                    "resourceType": "app.datahub-app-data.qualityRulebook",
                    "contentData": {
                        "activity": "manage"
                    }
                },
                {
                    "resourceType": "app.datahub-app-data.qualityRulebook",
                    "contentData": {
                        "activity": "execute"
                    }
                },
                {
                    "resourceType": "application",
                    "contentData": {
                        "activity": "start",
                        "name": "pipeline-modeler"
                    }
                },
                {
                    "resourceType": "application",
                    "contentData": {
                        "activity": "start",
                        "name": "data-hub-flow-agent"
                    }
                }
            ]
        },
        {
            "policyId": "mycompany.role.qualitymanager",
            "resources": [
                {
                    "resourceType": "app.datahub-app-data.qualityDashboard",
                    "contentData": {
                        "activity": "manage"
                    }
                }
            ]
        },
        {
            "policyId": "sap.dh.systemAccess",
            "resources": [
                {
                    "resourceType": "systemManagement",
                    "contentData": {
                        "activity": "read"
                    }
                }
            ]
        }
    ],
    "num_id": 29
}