{
    "id": "mycompany.manage.connections",
    "description": "Start Connections Management",
    "tenant": "default",
    "enabled": true,
    "exposed": true,
    "createdBy": "teched21",
    "changedBy": "teched21",
    "createdAt": "2021-10-20T06:39:49.337Z",
    "changedAt": "2021-10-20T06:39:49.337Z",
    "predelivered": false,
    "ownerApplication": "",
    "resources": [
        {
            "resourceType": "application",
            "contentData": {
                "activity": "start",
                "name": "datahub-app-connection"
            }
        }
    ],
    "policyReferences": [],
    "inheritedResources": [],
    "num_id": 22
}