{
    "id": "mycompany.manage.rulebook",
    "description": "Rulebook manager",
    "tenant": "default",
    "enabled": true,
    "exposed": false,
    "createdBy": "demo",
    "changedBy": "demo",
    "createdAt": "2021-09-27T06:41:02.026Z",
    "changedAt": "2021-09-27T14:58:30.178Z",
    "predelivered": false,
    "ownerApplication": "",
    "resources": [
        {
            "resourceType": "app.datahub-app-data.qualityRule",
            "contentData": {
                "activity": "manage"
            }
        },
        {
            "resourceType": "app.datahub-app-data.qualityRulebook",
            "contentData": {
                "activity": "execute"
            }
        },
        {
            "resourceType": "app.datahub-app-data.qualityRulebook",
            "contentData": {
                "activity": "manage"
            }
        }
    ],
    "policyReferences": [],
    "inheritedResources": [],
    "num_id": 11
}