{
    "id": "mycompany.manage.catalog",
    "description": "Manage catalog, add tagging and change tagHierarchy",
    "tenant": "default",
    "enabled": true,
    "exposed": false,
    "createdBy": "demo",
    "changedBy": "demo",
    "createdAt": "2021-09-27T06:41:01.146Z",
    "changedAt": "2021-09-27T14:58:49.921Z",
    "predelivered": false,
    "ownerApplication": "",
    "resources": [
        {
            "resourceType": "app.datahub-app-data.catalog",
            "contentData": {
                "activity": "annotate"
            }
        },
        {
            "resourceType": "app.datahub-app-data.catalog",
            "contentData": {
                "activity": "manage"
            }
        },
        {
            "resourceType": "app.datahub-app-data.profile",
            "contentData": {
                "activity": "execute"
            }
        },
        {
            "resourceType": "app.datahub-app-data.profile",
            "contentData": {
                "activity": "manage"
            }
        },
        {
            "resourceType": "app.datahub-app-data.publication",
            "contentData": {
                "activity": "execute"
            }
        },
        {
            "resourceType": "app.datahub-app-data.publication",
            "contentData": {
                "activity": "manage"
            }
        },
        {
            "resourceType": "app.datahub-app-data.tagHierarchy",
            "contentData": {
                "activity": "manage"
            }
        },
        {
            "resourceType": "app.datahub-app-data.tagHierarchy",
            "contentData": {
                "activity": "admin"
            }
        }
    ],
    "policyReferences": [],
    "inheritedResources": [],
    "num_id": 21
}