{
    "id": "mycompany.manage.preparation",
    "description": "Manage preparations",
    "tenant": "default",
    "enabled": true,
    "exposed": false,
    "createdBy": "demo",
    "changedBy": "demo",
    "createdAt": "2021-09-27T06:41:00.668Z",
    "changedAt": "2021-10-11T09:46:00.315Z",
    "predelivered": false,
    "ownerApplication": "",
    "resources": [
        {
            "resourceType": "app.datahub-app-data.preparation",
            "contentData": {
                "activity": "manage"
            }
        },
        {
            "resourceType": "app.datahub-app-data.preparation",
            "contentData": {
                "activity": "execute"
            }
        },
        {
            "resourceType": "application",
            "contentData": {
                "activity": "start",
                "name": "pipeline-modeler"
            }
        }
    ],
    "policyReferences": [],
    "inheritedResources": [],
    "num_id": 11
}