{
    "id": "mycompany.basic.profiling",
    "description": "Profiling for developers",
    "tenant": "default",
    "enabled": true,
    "exposed": true,
    "createdBy": "demo",
    "changedBy": "demo",
    "createdAt": "2021-09-30T04:01:54.742Z",
    "changedAt": "2021-09-30T04:01:54.742Z",
    "predelivered": false,
    "ownerApplication": "",
    "resources": [
        {
            "resourceType": "app.datahub-app-data.profile",
            "contentData": {
                "activity": "execute"
            }
        },
        {
            "resourceType": "app.datahub-app-data.profile",
            "contentData": {
                "activity": "manage"
            }
        }
    ],
    "policyReferences": [],
    "inheritedResources": [],
    "num_id": 5
}