{
    "id": "mycompany.role.catalog",
    "description": "Manage  catalog and glossary",
    "tenant": "default",
    "enabled": true,
    "exposed": true,
    "createdBy": "demo",
    "changedBy": "demo",
    "createdAt": "2021-09-29T12:55:01.056Z",
    "changedAt": "2021-09-29T12:55:01.056Z",
    "predelivered": false,
    "ownerApplication": "",
    "resources": [],
    "policyReferences": [
        {
            "id": "mycompany.basic.metadata"
        },
        {
            "id": "mycompany.manage.catalog"
        },
        {
            "id": "mycompany.manage.glossary"
        },
        {
            "id": "mycompany.basic.member"
        }
    ],
    "inheritedResources": [
        {
            "policyId": "mycompany.basic.member",
            "resources": [
                {
                    "resourceType": "application",
                    "contentData": {
                        "activity": "start",
                        "name": "datahub-app-data"
                    }
                },
                {
                    "resourceType": "application",
                    "contentData": {
                        "activity": "start",
                        "name": "datahub-app-database"
                    }
                },
                {
                    "resourceType": "application",
                    "contentData": {
                        "activity": "start",
                        "name": "shared"
                    }
                },
                {
                    "resourceType": "application",
                    "contentData": {
                        "activity": "start",
                        "name": "datahub-app-task"
                    }
                },
                {
                    "resourceType": "application",
                    "contentData": {
                        "activity": "start",
                        "name": "data-hub-flow-agent"
                    }
                },
                {
                    "resourceType": "application",
                    "contentData": {
                        "activity": "start",
                        "name": "datahub-app-daemon"
                    }
                },
                {
                    "resourceType": "application",
                    "contentData": {
                        "activity": "start",
                        "name": "datahub-app-core"
                    }
                },
                {
                    "resourceType": "application",
                    "contentData": {
                        "activity": "start",
                        "name": "axino-service"
                    }
                },
                {
                    "resourceType": "application",
                    "contentData": {
                        "activity": "start",
                        "name": "resourceplan-service"
                    }
                },
                {
                    "resourceType": "application",
                    "contentData": {
                        "activity": "start",
                        "name": "datahub-app-scheduler"
                    }
                },
                {
                    "resourceType": "application",
                    "contentData": {
                        "activity": "start",
                        "name": "datahub-app-launchpad"
                    }
                }
            ]
        },
        {
            "policyId": "mycompany.basic.metadata",
            "resources": [
                {
                    "resourceType": "app.datahub-app-data.catalog",
                    "contentData": {
                        "activity": "read"
                    }
                },
                {
                    "resourceType": "app.datahub-app-data.glossary",
                    "contentData": {
                        "activity": "read"
                    }
                },
                {
                    "resourceType": "app.datahub-app-data.preparation",
                    "contentData": {
                        "activity": "read"
                    }
                },
                {
                    "resourceType": "app.datahub-app-data.profile",
                    "contentData": {
                        "activity": "read"
                    }
                },
                {
                    "resourceType": "app.datahub-app-data.publication",
                    "contentData": {
                        "activity": "read"
                    }
                },
                {
                    "resourceType": "app.datahub-app-data.qualityDashboard",
                    "contentData": {
                        "activity": "read"
                    }
                },
                {
                    "resourceType": "app.datahub-app-data.qualityRule",
                    "contentData": {
                        "activity": "read"
                    }
                },
                {
                    "resourceType": "app.datahub-app-data.qualityRulebook",
                    "contentData": {
                        "activity": "read"
                    }
                },
                {
                    "resourceType": "app.datahub-app-data.tagHierarchy",
                    "contentData": {
                        "activity": "read"
                    }
                },
                {
                    "resourceType": "application",
                    "contentData": {
                        "activity": "start",
                        "name": "datahub-app-metadata"
                    }
                }
            ]
        },
        {
            "policyId": "mycompany.manage.catalog",
            "resources": [
                {
                    "resourceType": "app.datahub-app-data.catalog",
                    "contentData": {
                        "activity": "annotate"
                    }
                },
                {
                    "resourceType": "app.datahub-app-data.catalog",
                    "contentData": {
                        "activity": "manage"
                    }
                },
                {
                    "resourceType": "app.datahub-app-data.profile",
                    "contentData": {
                        "activity": "execute"
                    }
                },
                {
                    "resourceType": "app.datahub-app-data.profile",
                    "contentData": {
                        "activity": "manage"
                    }
                },
                {
                    "resourceType": "app.datahub-app-data.publication",
                    "contentData": {
                        "activity": "execute"
                    }
                },
                {
                    "resourceType": "app.datahub-app-data.publication",
                    "contentData": {
                        "activity": "manage"
                    }
                },
                {
                    "resourceType": "app.datahub-app-data.tagHierarchy",
                    "contentData": {
                        "activity": "manage"
                    }
                },
                {
                    "resourceType": "app.datahub-app-data.tagHierarchy",
                    "contentData": {
                        "activity": "admin"
                    }
                }
            ]
        },
        {
            "policyId": "mycompany.manage.glossary",
            "resources": [
                {
                    "resourceType": "app.datahub-app-data.glossary",
                    "contentData": {
                        "activity": "manage"
                    }
                },
                {
                    "resourceType": "app.datahub-app-data.glossary",
                    "contentData": {
                        "activity": "admin"
                    }
                }
            ]
        },
        {
            "policyId": "sap.dh.systemAccess",
            "resources": [
                {
                    "resourceType": "systemManagement",
                    "contentData": {
                        "activity": "read"
                    }
                }
            ]
        }
    ],
    "num_id": 26
}