{
    "id": "Rules_Dashboard",
    "description": "Ability to create a rules dashboard",
    "tenant": "default",
    "enabled": true,
    "exposed": true,
    "createdBy": "demo",
    "changedBy": "demo",
    "createdAt": "2021-06-16T17:20:22.749Z",
    "changedAt": "2021-06-16T17:20:22.749Z",
    "predelivered": false,
    "ownerApplication": "",
    "resources": [
        {
            "resourceType": "app.datahub-app-data.qualityDashboard",
            "contentData": {
                "activity": "manage"
            }
        }
    ],
    "policyReferences": [],
    "inheritedResources": [],
    "num_id": 1
}