{
    "id": "sap.dh.applicationAllStart",
    "description": "Allows to start all applications in the tenant. Overrides any other start policies.",
    "tenant": "default",
    "enabled": true,
    "exposed": false,
    "createdBy": "SAP",
    "changedBy": "SAP",
    "createdAt": "1970-01-01T00:00:00Z",
    "changedAt": "1970-01-01T00:00:00Z",
    "predelivered": true,
    "ownerApplication": "",
    "resources": [
        {
            "resourceType": "application",
            "contentData": {
                "activity": "start",
                "name": "**"
            }
        }
    ],
    "policyReferences": [],
    "inheritedResources": [],
    "num_id": 35
}