{
    "id": "sap.dh.stopAppsForOtherUsers",
    "description": "Stop application instances started by any other user. Allows a user to stop even applications owned by an admin.",
    "tenant": "default",
    "enabled": true,
    "exposed": false,
    "createdBy": "SAP",
    "changedBy": "SAP",
    "createdAt": "1970-01-01T00:00:00Z",
    "changedAt": "1970-01-01T00:00:00Z",
    "predelivered": true,
    "ownerApplication": "",
    "resources": [
        {
            "resourceType": "application",
            "contentData": {
                "activity": "stop",
                "canStopForUser": "**",
                "name": "**"
            }
        }
    ],
    "policyReferences": [],
    "inheritedResources": [],
    "num_id": 80
}