{
    "id": "sap.dh.member",
    "description": "Member of tenant. Gives access to connection management to configure their own connections. Needs additional application start policies for running apps.",
    "tenant": "default",
    "enabled": true,
    "exposed": true,
    "createdBy": "SAP",
    "changedBy": "SAP",
    "createdAt": "1970-01-01T00:00:00Z",
    "changedAt": "1970-01-01T00:00:00Z",
    "predelivered": true,
    "ownerApplication": "",
    "resources": [],
    "policyReferences": [
        {
            "id": "sap.dh.automl.start"
        },
        {
            "id": "sap.dh.connectionContentOwnerManage"
        },
        {
            "id": "sap.dh.connectionsOwnerRead"
        },
        {
            "id": "sap.dh.datahubAppTask.start"
        },
        {
            "id": "sap.dh.mlDeploymentApi.start"
        },
        {
            "id": "sap.dh.datahubAppData.start"
        },
        {
            "id": "sap.dh.datahubAppDatabase.start"
        },
        {
            "id": "sap.dh.mlScenarioManager.start"
        },
        {
            "id": "sap.dh.connectionMgtStart"
        },
        {
            "id": "sap.dh.datahubAppCore.start"
        },
        {
            "id": "sap.dh.mlDmApp.start"
        },
        {
            "id": "sap.dh.resourceplanService.start"
        },
        {
            "id": "sap.dh.datahubAppDaemon.start"
        },
        {
            "id": "sap.dh.datahubAppLaunchpad.start"
        },
        {
            "id": "sap.dh.datahubAppSystemManagement.start"
        },
        {
            "id": "sap.dh.dspGitServer.start"
        },
        {
            "id": "sap.dh.mlApi.start"
        },
        {
            "id": "sap.dh.mlApiImporter.start"
        },
        {
            "id": "sap.dh.systemAccess"
        },
        {
            "id": "sap.dh.mlTracking.start"
        },
        {
            "id": "sap.dh.shared.start"
        },
        {
            "id": "sap.dh.axinoService.start"
        },
        {
            "id": "sap.dh.connectionsOwnerWrite"
        },
        {
            "id": "sap.dh.dataHubFlowAgent.start"
        },
        {
            "id": "sap.dh.datahubAppScheduler.start"
        },
        {
            "id": "sap.dh.mlDmApi.start"
        },
        {
            "id": "sap.dh.metricsExplorer.start"
        },
        {
            "id": "sap.dh.trainingService.start"
        }
    ],
    "inheritedResources": [
        {
            "policyId": "sap.dh.automl.start",
            "resources": [
                {
                    "resourceType": "application",
                    "contentData": {
                        "activity": "start",
                        "name": "automl"
                    }
                }
            ]
        },
        {
            "policyId": "sap.dh.axinoService.start",
            "resources": [
                {
                    "resourceType": "application",
                    "contentData": {
                        "activity": "start",
                        "name": "axino-service"
                    }
                }
            ]
        },
        {
            "policyId": "sap.dh.connectionContentOwnerManage",
            "resources": [
                {
                    "resourceType": "connectionContent",
                    "contentData": {
                        "activity": "ownerManage",
                        "connectionId": "*"
                    }
                }
            ]
        },
        {
            "policyId": "sap.dh.connectionMgtStart",
            "resources": [
                {
                    "resourceType": "application",
                    "contentData": {
                        "activity": "start",
                        "name": "datahub-app-connection"
                    }
                },
                {
                    "resourceType": "application",
                    "contentData": {
                        "activity": "start",
                        "name": "datahub-app-core"
                    }
                },
                {
                    "resourceType": "application",
                    "contentData": {
                        "activity": "start",
                        "name": "connection-service"
                    }
                }
            ]
        },
        {
            "policyId": "sap.dh.connectionsOwnerRead",
            "resources": [
                {
                    "resourceType": "connection",
                    "contentData": {
                        "activity": "ownerRead",
                        "connectionId": "*"
                    }
                }
            ]
        },
        {
            "policyId": "sap.dh.connectionsOwnerWrite",
            "resources": [
                {
                    "resourceType": "connection",
                    "contentData": {
                        "activity": "ownerWrite",
                        "connectionId": "*"
                    }
                }
            ]
        },
        {
            "policyId": "sap.dh.dataHubFlowAgent.start",
            "resources": [
                {
                    "resourceType": "application",
                    "contentData": {
                        "activity": "start",
                        "name": "data-hub-flow-agent"
                    }
                }
            ]
        },
        {
            "policyId": "sap.dh.datahubAppCore.start",
            "resources": [
                {
                    "resourceType": "application",
                    "contentData": {
                        "activity": "start",
                        "name": "datahub-app-core"
                    }
                }
            ]
        },
        {
            "policyId": "sap.dh.datahubAppDaemon.start",
            "resources": [
                {
                    "resourceType": "application",
                    "contentData": {
                        "activity": "start",
                        "name": "datahub-app-daemon"
                    }
                }
            ]
        },
        {
            "policyId": "sap.dh.datahubAppData.start",
            "resources": [
                {
                    "resourceType": "application",
                    "contentData": {
                        "activity": "start",
                        "name": "datahub-app-data"
                    }
                }
            ]
        },
        {
            "policyId": "sap.dh.datahubAppDatabase.start",
            "resources": [
                {
                    "resourceType": "application",
                    "contentData": {
                        "activity": "start",
                        "name": "datahub-app-database"
                    }
                }
            ]
        },
        {
            "policyId": "sap.dh.datahubAppLaunchpad.start",
            "resources": [
                {
                    "resourceType": "application",
                    "contentData": {
                        "activity": "start",
                        "name": "datahub-app-launchpad"
                    }
                }
            ]
        },
        {
            "policyId": "sap.dh.datahubAppScheduler.start",
            "resources": [
                {
                    "resourceType": "application",
                    "contentData": {
                        "activity": "start",
                        "name": "datahub-app-core"
                    }
                },
                {
                    "resourceType": "application",
                    "contentData": {
                        "activity": "start",
                        "name": "datahub-app-scheduler"
                    }
                }
            ]
        },
        {
            "policyId": "sap.dh.datahubAppSystemManagement.start",
            "resources": [
                {
                    "resourceType": "application",
                    "contentData": {
                        "activity": "start",
                        "name": "datahub-app-system-management"
                    }
                }
            ]
        },
        {
            "policyId": "sap.dh.datahubAppTask.start",
            "resources": [
                {
                    "resourceType": "application",
                    "contentData": {
                        "activity": "start",
                        "name": "datahub-app-task"
                    }
                },
                {
                    "resourceType": "application",
                    "contentData": {
                        "activity": "start",
                        "name": "datahub-app-core"
                    }
                }
            ]
        },
        {
            "policyId": "sap.dh.dspGitServer.start",
            "resources": [
                {
                    "resourceType": "application",
                    "contentData": {
                        "activity": "start",
                        "name": "dsp-git-server"
                    }
                }
            ]
        },
        {
            "policyId": "sap.dh.metricsExplorer.start",
            "resources": [
                {
                    "resourceType": "application",
                    "contentData": {
                        "activity": "start",
                        "name": "metrics-explorer"
                    }
                }
            ]
        },
        {
            "policyId": "sap.dh.mlApi.start",
            "resources": [
                {
                    "resourceType": "application",
                    "contentData": {
                        "activity": "start",
                        "name": "ml-api"
                    }
                }
            ]
        },
        {
            "policyId": "sap.dh.mlApiImporter.start",
            "resources": [
                {
                    "resourceType": "application",
                    "contentData": {
                        "activity": "start",
                        "name": "ml-api-importer"
                    }
                }
            ]
        },
        {
            "policyId": "sap.dh.mlDeploymentApi.start",
            "resources": [
                {
                    "resourceType": "application",
                    "contentData": {
                        "activity": "start",
                        "name": "ml-deployment-api"
                    }
                }
            ]
        },
        {
            "policyId": "sap.dh.mlDmApi.start",
            "resources": [
                {
                    "resourceType": "application",
                    "contentData": {
                        "activity": "start",
                        "name": "ml-dm-api"
                    }
                }
            ]
        },
        {
            "policyId": "sap.dh.mlDmApp.start",
            "resources": [
                {
                    "resourceType": "application",
                    "contentData": {
                        "activity": "start",
                        "name": "ml-dm-app"
                    }
                }
            ]
        },
        {
            "policyId": "sap.dh.mlScenarioManager.start",
            "resources": [
                {
                    "resourceType": "application",
                    "contentData": {
                        "activity": "start",
                        "name": "ml-scenario-manager"
                    }
                }
            ]
        },
        {
            "policyId": "sap.dh.mlTracking.start",
            "resources": [
                {
                    "resourceType": "application",
                    "contentData": {
                        "activity": "start",
                        "name": "ml-tracking"
                    }
                }
            ]
        },
        {
            "policyId": "sap.dh.resourceplanService.start",
            "resources": [
                {
                    "resourceType": "application",
                    "contentData": {
                        "activity": "start",
                        "name": "resourceplan-service"
                    }
                }
            ]
        },
        {
            "policyId": "sap.dh.shared.start",
            "resources": [
                {
                    "resourceType": "application",
                    "contentData": {
                        "activity": "start",
                        "name": "shared"
                    }
                }
            ]
        },
        {
            "policyId": "sap.dh.systemAccess",
            "resources": [
                {
                    "resourceType": "systemManagement",
                    "contentData": {
                        "activity": "read"
                    }
                }
            ]
        },
        {
            "policyId": "sap.dh.trainingService.start",
            "resources": [
                {
                    "resourceType": "application",
                    "contentData": {
                        "activity": "start",
                        "name": "training-service"
                    }
                }
            ]
        }
    ],
    "num_id": 65
}