{
    "id": "sap.dh.systemMgtWrite",
    "description": "Access the system management and policy management. This policy is nested in the sap.dh.admin policy and provides most permissions. vSystem APIs grant full tenant-wide access to users with this policy.",
    "tenant": "default",
    "enabled": true,
    "exposed": false,
    "createdBy": "SAP",
    "changedBy": "SAP",
    "createdAt": "1970-01-01T00:00:00Z",
    "changedAt": "1970-01-01T00:00:00Z",
    "predelivered": true,
    "ownerApplication": "",
    "resources": [
        {
            "resourceType": "systemManagement",
            "contentData": {
                "activity": "write"
            }
        }
    ],
    "policyReferences": [],
    "inheritedResources": [],
    "num_id": 82
}