{
    "id": "sap.dh.systemAccess",
    "description": "Basic access to cluster",
    "tenant": "default",
    "enabled": true,
    "exposed": false,
    "createdBy": "SAP",
    "changedBy": "SAP",
    "createdAt": "1970-01-01T00:00:00Z",
    "changedAt": "1970-01-01T00:00:00Z",
    "predelivered": true,
    "ownerApplication": "",
    "resources": [
        {
            "resourceType": "systemManagement",
            "contentData": {
                "activity": "read"
            }
        }
    ],
    "policyReferences": [],
    "inheritedResources": [],
    "num_id": 81
}