{
    "id": "sap.dh.connectionContentOwnerManage",
    "description": "Access content of the user's own connections in Metadata Explorer.",
    "tenant": "default",
    "enabled": true,
    "exposed": true,
    "createdBy": "SAP",
    "changedBy": "SAP",
    "createdAt": "1970-01-01T00:00:00Z",
    "changedAt": "1970-01-01T00:00:00Z",
    "predelivered": true,
    "ownerApplication": "",
    "resources": [
        {
            "resourceType": "connectionContent",
            "contentData": {
                "activity": "ownerManage",
                "connectionId": "*"
            }
        }
    ],
    "policyReferences": [],
    "inheritedResources": [],
    "num_id": 40
}