{
    "id": "sap.dh.certificate.manage",
    "description": "Manage server certificates (uploading, deleting)",
    "tenant": "default",
    "enabled": true,
    "exposed": true,
    "createdBy": "SAP",
    "changedBy": "SAP",
    "createdAt": "1970-01-01T00:00:00Z",
    "changedAt": "1970-01-01T00:00:00Z",
    "predelivered": true,
    "ownerApplication": "",
    "resources": [
        {
            "resourceType": "certificate",
            "contentData": {
                "activity": "manage"
            }
        }
    ],
    "policyReferences": [],
    "inheritedResources": [],
    "num_id": 38
}