{
    "id": "sap.dh.connectionMgtStart",
    "description": "Start Connection Management",
    "tenant": "default",
    "enabled": true,
    "exposed": false,
    "createdBy": "SAP",
    "changedBy": "SAP",
    "createdAt": "1970-01-01T00:00:00Z",
    "changedAt": "1970-01-01T00:00:00Z",
    "predelivered": true,
    "ownerApplication": "",
    "resources": [
        {
            "resourceType": "application",
            "contentData": {
                "activity": "start",
                "name": "connection-service"
            }
        },
        {
            "resourceType": "application",
            "contentData": {
                "activity": "start",
                "name": "datahub-app-core"
            }
        },
        {
            "resourceType": "application",
            "contentData": {
                "activity": "start",
                "name": "datahub-app-connection"
            }
        }
    ],
    "policyReferences": [],
    "inheritedResources": [],
    "num_id": 42
}