{
    "id": "sap.dh.connectionsOwnerWrite",
    "description": "Write access to the user's own connection definitions.",
    "tenant": "default",
    "enabled": true,
    "exposed": false,
    "createdBy": "SAP",
    "changedBy": "SAP",
    "createdAt": "1970-01-01T00:00:00Z",
    "changedAt": "1970-01-01T00:00:00Z",
    "predelivered": true,
    "ownerApplication": "",
    "resources": [
        {
            "resourceType": "connection",
            "contentData": {
                "activity": "ownerWrite",
                "connectionId": "*"
            }
        }
    ],
    "policyReferences": [],
    "inheritedResources": [],
    "num_id": 46
}