{
    "id": "sap.dh.connectionsAllRead",
    "description": "Read access to all connection definitions in the tenant.",
    "tenant": "default",
    "enabled": true,
    "exposed": true,
    "createdBy": "SAP",
    "changedBy": "SAP",
    "createdAt": "1970-01-01T00:00:00Z",
    "changedAt": "1970-01-01T00:00:00Z",
    "predelivered": true,
    "ownerApplication": "",
    "resources": [
        {
            "resourceType": "connection",
            "contentData": {
                "activity": "read",
                "connectionId": "*"
            }
        }
    ],
    "policyReferences": [],
    "inheritedResources": [],
    "num_id": 43
}