{
    "id": "sap.dh.metadata",
    "description": "DEPRECATED. Use app.datahub-app-data.fullAccess instead. Working with Metadata Explorer. Allows to start the Metadata Explorer and to manage connections. For some role in the Metadata Explorer, permission to start the Pipeline Modeler might also be needed.",
    "tenant": "default",
    "enabled": true,
    "exposed": true,
    "createdBy": "SAP",
    "changedBy": "SAP",
    "createdAt": "1970-01-01T00:00:00Z",
    "changedAt": "1970-01-01T00:00:00Z",
    "predelivered": true,
    "ownerApplication": "",
    "resources": [],
    "policyReferences": [
        {
            "id": "app.datahub-app-data.fullAccess"
        },
        {
            "id": "sap.dh.connectionContentAllManage"
        },
        {
            "id": "sap.dh.connectionsAllRead"
        }
    ],
    "inheritedResources": [
        {
            "policyId": "app.datahub-app-data.administrator",
            "resources": [
                {
                    "resourceType": "app.datahub-app-data.profile",
                    "contentData": {
                        "activity": "execute"
                    }
                },
                {
                    "resourceType": "app.datahub-app-data.qualityRulebook",
                    "contentData": {
                        "activity": "execute"
                    }
                },
                {
                    "resourceType": "app.datahub-app-data.system",
                    "contentData": {
                        "activity": "admin"
                    }
                }
            ]
        },
        {
            "policyId": "app.datahub-app-data.businessUser",
            "resources": [
                {
                    "resourceType": "app.datahub-app-data.catalog",
                    "contentData": {
                        "activity": "annotate"
                    }
                },
                {
                    "resourceType": "app.datahub-app-data.qualityDashboard",
                    "contentData": {
                        "activity": "read"
                    }
                }
            ]
        },
        {
            "policyId": "app.datahub-app-data.dataSteward",
            "resources": [
                {
                    "resourceType": "app.datahub-app-data.catalog",
                    "contentData": {
                        "activity": "manage"
                    }
                },
                {
                    "resourceType": "app.datahub-app-data.glossary",
                    "contentData": {
                        "activity": "read"
                    }
                },
                {
                    "resourceType": "app.datahub-app-data.glossary",
                    "contentData": {
                        "activity": "manage"
                    }
                },
                {
                    "resourceType": "app.datahub-app-data.glossary",
                    "contentData": {
                        "activity": "admin"
                    }
                },
                {
                    "resourceType": "app.datahub-app-data.profile",
                    "contentData": {
                        "activity": "manage"
                    }
                },
                {
                    "resourceType": "app.datahub-app-data.profile",
                    "contentData": {
                        "activity": "execute"
                    }
                },
                {
                    "resourceType": "app.datahub-app-data.qualityDashboard",
                    "contentData": {
                        "activity": "manage"
                    }
                },
                {
                    "resourceType": "app.datahub-app-data.qualityRule",
                    "contentData": {
                        "activity": "read"
                    }
                },
                {
                    "resourceType": "app.datahub-app-data.qualityRule",
                    "contentData": {
                        "activity": "manage"
                    }
                },
                {
                    "resourceType": "app.datahub-app-data.qualityRulebook",
                    "contentData": {
                        "activity": "manage"
                    }
                },
                {
                    "resourceType": "app.datahub-app-data.qualityRulebook",
                    "contentData": {
                        "activity": "read"
                    }
                },
                {
                    "resourceType": "app.datahub-app-data.qualityRulebook",
                    "contentData": {
                        "activity": "execute"
                    }
                },
                {
                    "resourceType": "app.datahub-app-data.tagHierarchy",
                    "contentData": {
                        "activity": "manage"
                    }
                },
                {
                    "resourceType": "app.datahub-app-data.tagHierarchy",
                    "contentData": {
                        "activity": "admin"
                    }
                }
            ]
        },
        {
            "policyId": "app.datahub-app-data.dependencies",
            "resources": [
                {
                    "resourceType": "application",
                    "contentData": {
                        "activity": "start",
                        "name": "data-hub-flow-agent"
                    }
                },
                {
                    "resourceType": "application",
                    "contentData": {
                        "activity": "start",
                        "name": "datahub-app-dex"
                    }
                },
                {
                    "resourceType": "application",
                    "contentData": {
                        "activity": "start",
                        "name": "datahub-app-connection"
                    }
                },
                {
                    "resourceType": "application",
                    "contentData": {
                        "activity": "start",
                        "name": "datahub-app-preparation"
                    }
                },
                {
                    "resourceType": "application",
                    "contentData": {
                        "activity": "start",
                        "name": "datahub-app-metadata"
                    }
                },
                {
                    "resourceType": "application",
                    "contentData": {
                        "activity": "start",
                        "name": "pipeline-modeler"
                    }
                }
            ]
        },
        {
            "policyId": "app.datahub-app-data.metadataUser",
            "resources": [
                {
                    "resourceType": "app.datahub-app-data.catalog",
                    "contentData": {
                        "activity": "read"
                    }
                },
                {
                    "resourceType": "app.datahub-app-data.glossary",
                    "contentData": {
                        "activity": "read"
                    }
                },
                {
                    "resourceType": "app.datahub-app-data.profile",
                    "contentData": {
                        "activity": "read"
                    }
                },
                {
                    "resourceType": "app.datahub-app-data.tagHierarchy",
                    "contentData": {
                        "activity": "read"
                    }
                }
            ]
        },
        {
            "policyId": "app.datahub-app-data.preparationUser",
            "resources": [
                {
                    "resourceType": "app.datahub-app-data.preparation",
                    "contentData": {
                        "activity": "read"
                    }
                },
                {
                    "resourceType": "app.datahub-app-data.preparation",
                    "contentData": {
                        "activity": "manage"
                    }
                },
                {
                    "resourceType": "app.datahub-app-data.preparation",
                    "contentData": {
                        "activity": "execute"
                    }
                }
            ]
        },
        {
            "policyId": "app.datahub-app-data.publisher",
            "resources": [
                {
                    "resourceType": "app.datahub-app-data.publication",
                    "contentData": {
                        "activity": "read"
                    }
                },
                {
                    "resourceType": "app.datahub-app-data.publication",
                    "contentData": {
                        "activity": "manage"
                    }
                },
                {
                    "resourceType": "app.datahub-app-data.publication",
                    "contentData": {
                        "activity": "execute"
                    }
                }
            ]
        },
        {
            "policyId": "sap.dh.connectionContentAllManage",
            "resources": [
                {
                    "resourceType": "connectionContent",
                    "contentData": {
                        "activity": "manage",
                        "connectionId": "*"
                    }
                }
            ]
        },
        {
            "policyId": "sap.dh.connectionsAllRead",
            "resources": [
                {
                    "resourceType": "connection",
                    "contentData": {
                        "activity": "read",
                        "connectionId": "*"
                    }
                }
            ]
        }
    ],
    "num_id": 66
}