{
    "id": "sap.dh.connectionCredentialsUnmasked",
    "description": "Selected connection credential fields like user names are fully displayed.",
    "tenant": "default",
    "enabled": true,
    "exposed": true,
    "createdBy": "SAP",
    "changedBy": "SAP",
    "createdAt": "1970-01-01T00:00:00Z",
    "changedAt": "1970-01-01T00:00:00Z",
    "predelivered": true,
    "ownerApplication": "",
    "resources": [
        {
            "resourceType": "connectionCredential",
            "contentData": {
                "activity": "showUnmasked"
            }
        }
    ],
    "policyReferences": [],
    "inheritedResources": [],
    "num_id": 41
}