{
    "id": "sap.dh.developer",
    "description": "Working with Pipeline Modeler. Allows to start the Modeler and to manage connections.",
    "tenant": "default",
    "enabled": true,
    "exposed": true,
    "createdBy": "SAP",
    "changedBy": "SAP",
    "createdAt": "1970-01-01T00:00:00Z",
    "changedAt": "1970-01-01T00:00:00Z",
    "predelivered": true,
    "ownerApplication": "",
    "resources": [],
    "policyReferences": [
        {
            "id": "sap.dh.datahubAppLogging.start"
        },
        {
            "id": "sap.dh.jupyter.start"
        },
        {
            "id": "sap.dh.modelerStart"
        },
        {
            "id": "sap.dh.modelerUI.start"
        },
        {
            "id": "sap.dh.connectionMgtStart"
        },
        {
            "id": "sap.dh.connectionsAllRead"
        }
    ],
    "inheritedResources": [
        {
            "policyId": "sap.dh.connectionMgtStart",
            "resources": [
                {
                    "resourceType": "application",
                    "contentData": {
                        "activity": "start",
                        "name": "datahub-app-connection"
                    }
                },
                {
                    "resourceType": "application",
                    "contentData": {
                        "activity": "start",
                        "name": "datahub-app-core"
                    }
                },
                {
                    "resourceType": "application",
                    "contentData": {
                        "activity": "start",
                        "name": "connection-service"
                    }
                }
            ]
        },
        {
            "policyId": "sap.dh.connectionsAllRead",
            "resources": [
                {
                    "resourceType": "connection",
                    "contentData": {
                        "activity": "read",
                        "connectionId": "*"
                    }
                }
            ]
        },
        {
            "policyId": "sap.dh.datahubAppLogging.start",
            "resources": [
                {
                    "resourceType": "application",
                    "contentData": {
                        "activity": "start",
                        "name": "datahub-app-logging"
                    }
                },
                {
                    "resourceType": "application",
                    "contentData": {
                        "activity": "start",
                        "name": "datahub-app-core"
                    }
                }
            ]
        },
        {
            "policyId": "sap.dh.jupyter.start",
            "resources": [
                {
                    "resourceType": "application",
                    "contentData": {
                        "activity": "start",
                        "name": "jupyter"
                    }
                }
            ]
        },
        {
            "policyId": "sap.dh.modelerStart",
            "resources": [
                {
                    "resourceType": "application",
                    "contentData": {
                        "activity": "start",
                        "name": "pipeline-modeler"
                    }
                }
            ]
        },
        {
            "policyId": "sap.dh.modelerUI.start",
            "resources": [
                {
                    "resourceType": "application",
                    "contentData": {
                        "activity": "start",
                        "name": "modeler-ui"
                    }
                }
            ]
        }
    ],
    "num_id": 61
}