{
    "id": "sap.dh.metadataStart",
    "description": "DEPRECATED. app.datahub-app-data.fullAccess is a close replacement. Start Metadata Explorer",
    "tenant": "default",
    "enabled": true,
    "exposed": false,
    "createdBy": "SAP",
    "changedBy": "SAP",
    "createdAt": "1970-01-01T00:00:00Z",
    "changedAt": "1970-01-01T00:00:00Z",
    "predelivered": true,
    "ownerApplication": "",
    "resources": [
        {
            "resourceType": "application",
            "contentData": {
                "activity": "start",
                "name": "datahub-app-data"
            }
        },
        {
            "resourceType": "application",
            "contentData": {
                "activity": "start",
                "name": "datahub-app-metadata"
            }
        }
    ],
    "policyReferences": [],
    "inheritedResources": [],
    "num_id": 67
}