{
    "id": "sap.dh.admin",
    "description": "Administrate tenant. Combines access to user, policy, application management, and to connection management for the tenant.",
    "tenant": "default",
    "enabled": true,
    "exposed": true,
    "createdBy": "SAP",
    "changedBy": "SAP",
    "createdAt": "1970-01-01T00:00:00Z",
    "changedAt": "1970-01-01T00:00:00Z",
    "predelivered": true,
    "ownerApplication": "",
    "resources": [],
    "policyReferences": [
        {
            "id": "sap.dh.connectionsAllRead"
        },
        {
            "id": "sap.dh.connectionsAllWrite"
        },
        {
            "id": "sap.dh.stopAppsForOtherUsers"
        },
        {
            "id": "sap.dh.systemAccess"
        },
        {
            "id": "sap.dh.systemMgtWrite"
        },
        {
            "id": "sap.dh.applicationAllStart"
        },
        {
            "id": "sap.dh.certificate.manage"
        }
    ],
    "inheritedResources": [
        {
            "policyId": "sap.dh.applicationAllStart",
            "resources": [
                {
                    "resourceType": "application",
                    "contentData": {
                        "activity": "start",
                        "name": "**"
                    }
                }
            ]
        },
        {
            "policyId": "sap.dh.certificate.manage",
            "resources": [
                {
                    "resourceType": "certificate",
                    "contentData": {
                        "activity": "manage"
                    }
                }
            ]
        },
        {
            "policyId": "sap.dh.connectionsAllRead",
            "resources": [
                {
                    "resourceType": "connection",
                    "contentData": {
                        "activity": "read",
                        "connectionId": "*"
                    }
                }
            ]
        },
        {
            "policyId": "sap.dh.connectionsAllWrite",
            "resources": [
                {
                    "resourceType": "connection",
                    "contentData": {
                        "activity": "write",
                        "connectionId": "*"
                    }
                }
            ]
        },
        {
            "policyId": "sap.dh.stopAppsForOtherUsers",
            "resources": [
                {
                    "resourceType": "application",
                    "contentData": {
                        "activity": "stop",
                        "canStopForUser": "**",
                        "name": "**"
                    }
                }
            ]
        },
        {
            "policyId": "sap.dh.systemAccess",
            "resources": [
                {
                    "resourceType": "systemManagement",
                    "contentData": {
                        "activity": "read"
                    }
                }
            ]
        },
        {
            "policyId": "sap.dh.systemMgtWrite",
            "resources": [
                {
                    "resourceType": "systemManagement",
                    "contentData": {
                        "activity": "write"
                    }
                }
            ]
        }
    ],
    "num_id": 34
}