{
    "id": "sap.dh.mlTracking.start",
    "description": "Start ML Tracking API",
    "tenant": "default",
    "enabled": true,
    "exposed": false,
    "createdBy": "SAP",
    "changedBy": "SAP",
    "createdAt": "1970-01-01T00:00:00Z",
    "changedAt": "1970-01-01T00:00:00Z",
    "predelivered": true,
    "ownerApplication": "",
    "resources": [
        {
            "resourceType": "application",
            "contentData": {
                "activity": "start",
                "name": "ml-tracking"
            }
        }
    ],
    "policyReferences": [],
    "inheritedResources": [],
    "num_id": 75
}