{
    "$schema": "http://json-schema.org/draft-06/schema#",
    "$id": "http://sap.com/vflow/di_replication.checkdataV7.configSchema.json",
    "type": "object",
    "properties": {
        "codelanguage": {
            "type": "string"
        },
        "script": {
            "type": "string"
        },
        "codecs": {
            "title": "Codecs",
            "description": "Codecs",
            "type": "array",
            "items": {
                "type": "string"
            }
        }
    }
}