{
    "$schema": "http://json-schema.org/draft-06/schema#",
    "$id": "http://sap.com/vflow/metadata.export_factsheets_g1.configSchema.json",
    "type": "object",
    "properties": {
        "codelanguage": {
            "type": "string"
        },
        "script": {
            "type": "string"
        },
        "http_connection": {
            "title": "HTTP Connection",
            "description": "HTTP Connection",
            "type": "object",
            "properties": {
                "connectionID": {
                    "title": "ConnectionID",
                    "type": "string",
                    "format": "com.sap.dh.connection.id",
                    "sap_vflow_valuehelp": {
                        "url": "/app/datahub-app-connection/connections?connectionTypes=HTTP",
                        "valuepath": "id",
                        "displayStyle": "autocomplete"
                    }
                }
            }
        },
        "connection_id": {
            "title": "Connection ID ",
            "description": "Connection ID",
            "type": "string"
        },
        "path": {
            "title": "Path ",
            "description": "Path",
            "type": "string"
        },
        "lineage": {
            "title": "With Lineage",
            "description": "With Lineage",
            "type": "boolean"
        },
        "verify": {
            "title": "Verify",
            "description": "Verify (SSL)",
            "type": "boolean"
        }
    }
}