{
    "description": "Export Dataset Factsheets",
    "component": "com.sap.system.python3Operator",
    "versionStatus": "active",
    "outports": [
        {
            "name": "factsheet",
            "type": "message"
        },
        {
            "name": "logging",
            "type": "string"
        }
    ],
    "iconsrc": "factsheet.svg",
    "config": {
        "$type": "http://sap.com/vflow/metadata.export_factsheets_g1.configSchema.json",
        "lineage": false,
        "script": "file://script.py",
        "verify": true
    }
}