{
    "description": "Conditional Termination",
    "component": "com.sap.system.python3Operator",
    "versionStatus": "active",
    "inports": [
        {
            "name": "input",
            "type": "message.*"
        }
    ],
    "outports": [
        {
            "name": "output",
            "type": "message"
        }
    ],
    "iconsrc": "termination.svg",
    "config": {
        "$type": "http://sap.com/vflow/utils.termination.configSchema.json",
        "script": "file://script.py"
    }
}