{
    "$schema": "http://json-schema.org/draft-06/schema#",
    "$id": "http://sap.com/vflow/utils.device_null.configSchema.json",
    "type": "object",
    "properties": {
        "codelanguage": {
            "type": "string"
        },
        "errorHandling": {
            "type": "string"
        },
        "script": {
            "type": "string"
        },
        "batch_size": {
            "title": "Batch Size",
            "description": "Batch Size",
            "type": "integer"
        }
    }
}