{
    "description": "Device Null",
    "component": "com.sap.system.python3Operator.v2",
    "versionStatus": "active",
    "inports": [
        {
            "name": "input",
            "type": "table",
            "vtype-ID": "diadmin.utils.performance_test"
        }
    ],
    "outports": [
        {
            "name": "log",
            "type": "scalar",
            "vtype-ID": "com.sap.core.string"
        }
    ],
    "icon": "puzzle-piece",
    "iconsrc": "devnull.svg",
    "config": {
        "$type": "http://sap.com/vflow/utils.device_null.configSchema.json",
        "batch_size": -1,
        "errorHandling": "{\"type\":\"terminate on error\"}",
        "script": "import pandas as pd\n\n\ndef on_input(msg_id, header, data):\n    \n    header_dict = dict(zip(['index','max_index','num_rows','periodicity'],list(header.values())[0]))\n    \n    if api.config.batch_size == -1 :\n        tbl = data.get()\n        api.outputs.log.publish(f\"Batch: {header_dict['index']} Num Records: {len(tbl)}\",header=header) \n        tbl_info = api.type_context.get_vtype(tbl.type_ref)\n        col_names = list(tbl_info.columns.keys())\n        df = pd.DataFrame(tbl.body,columns = col_names)\n    else :\n        table_reader = data.get_reader()\n        tbl = table_reader.read(2)\n        tbl_info = api.type_context.get_vtype(tbl.type_ref)\n        col_names = list(tbl_info.columns.keys())\n        df = pd.DataFrame(tbl.body,columns = col_names)\n        while len(tbl) \u003e 0 :\n            api.outputs.log.publish(f\"Stream: {header_dict['index']} Num Records: {len(tbl)}\",header=header) \n            tbl = table_reader.read(2)\n            dft = pd.DataFrame(tbl.body,columns = col_names)\n            df.append(dft, ignore_index=True)\n        \n\napi.set_port_callback(\"input\", on_input)\n\n"
    }
}