{
    "$schema": "http://json-schema.org/draft-06/schema#",
    "$id": "http://sap.com/vflow/metadata.export_hierarchies.configSchema.json",
    "type": "object",
    "properties": {
        "codelanguage": {
            "type": "string"
        },
        "errorHandling": {
            "title": "Error Handling",
            "$ref": "http://sap.com/vflow/com.sap.error.scriptOperator.schema.json"
        },
        "script": {
            "type": "string"
        },
        "http_connection": {
            "title": "HTTP Connection",
            "description": "HTTP Connection",
            "type": "object",
            "properties": {
                "connectionID": {
                    "title": "ConnectionID",
                    "type": "string",
                    "format": "com.sap.dh.connection.id",
                    "sap_vflow_valuehelp": {
                        "url": "/app/datahub-app-connection/connections?connectionTypes=HTTP",
                        "valuepath": "id",
                        "displayStyle": "autocomplete"
                    }
                }
            }
        },
        "hierarchy_name": {
            "title": "Hierarchy Name",
            "description": "Hierarchy Name",
            "type": "string"
        }
    }
}