{
    "description": "Export Hierarchies",
    "component": "com.sap.system.python3Operator.v2",
    "versionStatus": "active",
    "outports": [
        {
            "name": "output",
            "type": "scalar",
            "vtype-ID": "com.sap.core.string"
        }
    ],
    "iconsrc": "catalog.svg",
    "config": {
        "$type": "http://sap.com/vflow/metadata.export_hierarchies.configSchema.json",
        "errorHandling": {
            "type": "terminate on error"
        },
        "hierarchy_name": " ",
        "script": "file://script.py"
    }
}